<?xml version="1.0" encoding="UTF-8"?>
<resource xmlns="http://datacite.org/schema/kernel-4" xmlns:xsi="http://www.w3.org/2001/XMLSchema-instance" xsi:schemaLocation="http://datacite.org/schema/kernel-4 http://schema.datacite.org/meta/kernel-4/metadata.xsd">
<identifier identifierType="DOI">https://doi.org/10.48539/HBM992.ZQPV.642</identifier>
<titles>
	<title>3D Reference Organ for Lymph Node, Female, Left v1.1</title>
</titles>
<creators>
	<creator>
		<creatorName>Li Yao</creatorName>
		<givenName>Li</givenName>
		<familyName>Yao</familyName>
		<nameIdentifier nameIdentifierScheme="ORCID" schemeURI="https://orcid.org/0000-0003-2390-083X">0000-0003-2390-083X</nameIdentifier>
	</creator>
</creators>
<publisher>HuBMAP</publisher>
<publicationYear>2021</publicationYear>
<resourceType resourceTypeGeneral="Model">3D reference human organ model</resourceType>
<subjects>
	<subject>Lymph Node, Female, Left 3D Organ v1.1</subject>
</subjects>
<contributors>
	<contributor contributorType="ProjectManager">
		<contributorName>Katy Börner</contributorName>
		<givenName>Katy </givenName>
		<familyName>Börner</familyName>
		<nameIdentifier nameIdentifierScheme="ORCID" schemeURI="https://orcid.org/0000-0002-3321-6137">0000-0002-3321-6137</nameIdentifier>
	</contributor>
	<contributor contributorType="Other">
		<contributorName>Marda Jorgensen</contributorName>
		<givenName>Marda </givenName>
		<familyName>Jorgensen</familyName>
		<nameIdentifier nameIdentifierScheme="ORCID" schemeURI="https://orcid.org/0000-0002-7250-3569">0000-0002-7250-3569</nameIdentifier>
	</contributor>
</contributors>
<dates>
	<date dateType="Available">2021-12-01</date>
</dates>
<descriptions>
	<description descriptionType="TechnicalInfo">This reference organ was adapted using the Clearing-enhanced 3D (Ce3D) method developed by Dr. Weizhe Li, Laboratory of Immune System Biology, National Institute of Allergy and Infectious Diseases, NIH using data documented in https://www.pnas.org/content/114/35/E7321. While the size and cellular composition of mouse and human lymph nodes varies between species, the overall anatomy is well-conserved. </description>
</descriptions>
<language>EN</language>
<alternateIdentifiers>
	<alternateIdentifier alternateIdentifierType="How to Cite This Model">Browne, Kristen, Leonard E. Cross, Bruce W. Herr II, Lisel Record, Ellen Quardokus, Andreas Bueckle, Katy Börner. 2021. HuBMAP CCF 3D Reference Object Library.https://hubmapconsortium.github.io/ccf/pages/ccf-3d-reference-library.html. Accessed on December 1, 2021.</alternateIdentifier>
	<alternateIdentifier alternateIdentifierType="HuBMAP ID">HBM992.ZQPV.642</alternateIdentifier>
	<alternateIdentifier alternateIdentifierType="How to Cite This 3D Data Overall">Browne, Kristen, Leonard E. Cross, Bruce W. Herr II, Lisel Record, Ellen Quardokus, Andreas Bueckle, Katy Börner. 2021. HuBMAP CCF 3D Reference Object Library. https://hubmapconsortium.github.io/ccf/pages/ccf-3d-reference-library.html. Accessed on December 1, 2021.</alternateIdentifier>
</alternateIdentifiers>
<formats>
	<format>.glb</format>
</formats>
<rightsList>
	<rights rightsURI="https://creativecommons.org/licenses/by/4.0/">Creative Commons Attribution 4.0 International (CC BY 4.0)</rights>
</rightsList>
<fundingReferences>
	<fundingReference>
		<funderName>National Institutes of Health</funderName>
		<awardNumber>OT2OD026671</awardNumber>
	</fundingReference>
</fundingReferences>
</resource>
