<?xml version="1.0" encoding="UTF-8"?>
<resource xmlns="http://datacite.org/schema/kernel-4" xmlns:xsi="http://www.w3.org/2001/XMLSchema-instance" xsi:schemaLocation="http://datacite.org/schema/kernel-4 http://schema.datacite.org/meta/kernel-4/metadata.xsd">
<identifier identifierType="DOI">https://doi.org/10.48539/HBM476.BQCC.574</identifier>
<titles>
	<title>Anatomical Structures, Cell Types, plus Biomarkers (ASCT+B) table for Liver v1.0</title>
</titles>
<creators>
	<creator>
		<creatorName>Anna Maria Masci</creatorName>
		<givenName>Anna Maria</givenName>
		<familyName>Masci</familyName>
		<nameIdentifier nameIdentifierScheme="ORCID" schemeURI="https://orcid.org/0000-0003-1940-6740">0000-0003-1940-6740</nameIdentifier>
	</creator>
	<creator>
		<creatorName>Tim Kendall</creatorName>
		<givenName>Tim</givenName>
		<familyName>Kendall</familyName>
		<nameIdentifier nameIdentifierScheme="ORCID" schemeURI="https://orcid.org/0000-0002-4174-2786">0000-0002-4174-2786</nameIdentifier>
	</creator>
	<creator>
		<creatorName>Ayako Suzuki</creatorName>
		<givenName>Ayako</givenName>
		<familyName>Suzuki</familyName>
		<nameIdentifier nameIdentifierScheme="ORCID" schemeURI="https://orcid.org/0000-0003-1824-1067">0000-0003-1824-1067</nameIdentifier>
	</creator>
</creators>
<publisher>HuBMAP</publisher>
<publicationYear>2021</publicationYear>
<resourceType resourceTypeGeneral="Dataset">ASCT+B Table</resourceType>
<subjects>
	<subject>Liver v1.0 ASCT+B Table</subject>
</subjects>
<contributors>
	<contributor contributorType="ProjectLeader">
		<contributorName>Katy Börner</contributorName>
		<givenName>Katy </givenName>
		<familyName>Börner</familyName>
		<nameIdentifier nameIdentifierScheme="ORCID" schemeURI="https://orcid.org/0000-0002-3321-6137">0000-0002-3321-6137</nameIdentifier>
	</contributor>
	<contributor contributorType="Other">
		<contributorName>Ioannis Vlachos</contributorName>
		<givenName>Ioannis</givenName>
		<familyName>Vlachos</familyName>
		<nameIdentifier nameIdentifierScheme="ORCID" schemeURI="https://orcid.org/0000-0002-8849-808X">0000-0002-8849-808X</nameIdentifier>
	</contributor>
	<contributor contributorType="Other">
		<contributorName>Z. Gordon Jiang</contributorName>
		<givenName>Z. Gordon</givenName>
		<familyName>Jiang</familyName>
		<nameIdentifier schemeURI="https://orcid.org/0000-0003-0495-9940">0000-0003-0495-9940</nameIdentifier>
	</contributor>
	<contributor contributorType="Other">
		<contributorName> Luke Boulter</contributorName>
		<givenName> Luke</givenName>
		<familyName>Boulter</familyName>
		<nameIdentifier schemeURI="https://orcid.org/0000-0002-7954-6705">0000-0002-7954-6705</nameIdentifier>
	</contributor>
	<contributor contributorType="Other">
		<contributorName>Ellen M. Quardokus </contributorName>
		<givenName>Ellen M. </givenName>
		<familyName>Quardokus</familyName>
		<nameIdentifier schemeURI="https://orcid.org/0000-0001-7655-4833">0000-0001-7655-4833</nameIdentifier>
	</contributor>
</contributors>
<dates>
	<date dateType="Available">2021-12-01</date>
</dates>
<descriptions>
	<description>Anatomical Structures, Cell Types, plus Biomarkers (ASCT+B) tables aim to capture the nested part_of structure of anatomical human body parts, the typology of cells, and biomarkers used to identify cell types. The tables are authored and reviewed by an international team of experts. </description>
</descriptions>
<language>EN</language>
<alternateIdentifiers>
	<alternateIdentifier alternateIdentifierType="How to Cite This Data Table">Quardokus, Ellen, Bruce W. Herr II, Lisel Record, Katy Börner. 2021. HuBMAP ASCT+B Tables. https://hubmapconsortium.github.io/ccf/pages/ccf-anatomical-structures.html. Accessed on Dec 1, 2021.</alternateIdentifier>
	<alternateIdentifier alternateIdentifierType="HuBMAP ID">HBM476.BQCC.574</alternateIdentifier>
	<alternateIdentifier alternateIdentifierType="How to Cite This Data Overall">Quardokus, Ellen, Bruce W. Herr II, Lisel Record, Katy Börner. 2021. HuBMAP ASCT+B Tables. https://hubmapconsortium.github.io/ccf/pages/ccf-anatomical-structures.html. Accessed on Dec 1, 2021.</alternateIdentifier>
</alternateIdentifiers>
<formats>
	<format>.csv</format>
</formats>
<rightsList>
	<rights rightsURI="https://creativecommons.org/licenses/by/4.0/">Creative Commons Attribution 4.0 International (CC BY 4.0)</rights>
</rightsList>
<fundingReferences>
	<fundingReference>
		<funderName>National Institutes of Health</funderName>
		<awardNumber>OT2OD026671</awardNumber>
	</fundingReference>
</fundingReferences>
</resource>
