<?xml version="1.0" encoding="UTF-8"?>
<resource xmlns="http://datacite.org/schema/kernel-4" xmlns:xsi="http://www.w3.org/2001/XMLSchema-instance" xsi:schemaLocation="http://datacite.org/schema/kernel-4 http://schema.datacite.org/meta/kernel-4/metadata.xsd">
<identifier identifierType="DOI">https://doi.org/10.48539/HBM392.LPKF.942</identifier>
<titles>
	<title>Anatomical Structures, Cell Types, plus Biomarkers (ASCT+B) table for Thymus v1.1</title>
</titles>
<creators>
	<creator>
		<creatorName>Maigan Brusko</creatorName>
		<givenName>Maigan</givenName>
		<familyName>Brusko</familyName>
		<nameIdentifier nameIdentifierScheme="ORCID" schemeURI="https://orcid.org/0000-0002-4331-2202 ">0000-0002-4331-2202 </nameIdentifier>
	</creator>
	<creator>
		<creatorName>Rebecca T. Beuschel</creatorName>
		<givenName>Rebecca T.</givenName>
		<familyName>Beuschel</familyName>
		<nameIdentifier nameIdentifierScheme="ORCID" schemeURI="https://orcid.org/0000-0002-3882-457X">0000-0002-3882-457X</nameIdentifier>
	</creator>
	<creator>
		<creatorName>Andrea J. Radtke</creatorName>
		<givenName>Andrea J. </givenName>
		<familyName>Radtke</familyName>
		<nameIdentifier nameIdentifierScheme="ORCID" schemeURI="https://orcid.org/0000-0003-4379-8967">0000-0003-4379-8967</nameIdentifier>
	</creator>
</creators>
<publisher>HuBMAP</publisher>
<publicationYear>2021</publicationYear>
<resourceType resourceTypeGeneral="Dataset">ASCT+B Table</resourceType>
<subjects>
	<subject>Thymus v1.1 ASCT+B Table</subject>
</subjects>
<contributors>
	<contributor contributorType="ProjectLeader">
		<contributorName>Katy Börner</contributorName>
		<givenName>Katy </givenName>
		<familyName>Börner</familyName>
		<nameIdentifier nameIdentifierScheme="ORCID" schemeURI="https://orcid.org/0000-0002-3321-6137">0000-0002-3321-6137</nameIdentifier>
	</contributor>
	<contributor contributorType="Other">
		<contributorName>Sarah A. Teichmann</contributorName>
		<givenName>Sarah A.</givenName>
		<familyName>Teichmann</familyName>
		<nameIdentifier nameIdentifierScheme="ORCID" schemeURI="https://orcid.org/0000-0002-6294-6366"> 0000-0002-6294-6366</nameIdentifier>
	</contributor>
	<contributor contributorType="Other">
		<contributorName>Jakub Abramson</contributorName>
		<givenName>Jakub</givenName>
		<familyName>Abramson</familyName>
		<nameIdentifier nameIdentifierScheme="ORCID" schemeURI="https://orcid.org/0000-0002-1745-8996">0000-0002-1745-8996</nameIdentifier>
	</contributor>
	<contributor contributorType="Other">
		<contributorName>Tom Taghon</contributorName>
		<givenName>Tom</givenName>
		<familyName>Taghon</familyName>
		<nameIdentifier nameIdentifierScheme="ORCID" schemeURI="https://orcid.org/000-0002-5781-0288">000-0002-5781-0288</nameIdentifier>
	</contributor>
	<contributor contributorType="Other">
		<contributorName>Ellen M. Quardokus</contributorName>
		<givenName>Ellen M.</givenName>
		<familyName>Quardokus</familyName>
		<nameIdentifier nameIdentifierScheme="ORCID" schemeURI="https://orcid.org/0000-0001-7655-4833">0000-0001-7655-4833</nameIdentifier>
	</contributor>
</contributors>
<dates>
	<date dateType="Available">2021-12-01</date>
</dates>
<descriptions>
	<description>Anatomical Structures, Cell Types, plus Biomarkers (ASCT+B) tables aim to capture the nested part_of structure of anatomical human body parts, the typology of cells, and biomarkers used to identify cell types. The tables are authored and reviewed by an international team of experts. </description>
</descriptions>
<language>EN</language>
<alternateIdentifiers>
	<alternateIdentifier alternateIdentifierType="How to Cite This Data Table">Quardokus, Ellen, Bruce W. Herr II, Lisel Record, Katy Börner. 2021. HuBMAP ASCT+B Tables. https://hubmapconsortium.github.io/ccf/pages/ccf-anatomical-structures.html. Accessed on Dec 1, 2021.</alternateIdentifier>
	<alternateIdentifier alternateIdentifierType="HuBMAP ID">HBM392.LPKF.942</alternateIdentifier>
	<alternateIdentifier alternateIdentifierType="How to Cite This Data Overall">Quardokus, Ellen, Bruce W. Herr II, Lisel Record, Katy Börner. 2021. HuBMAP ASCT+B Tables. https://hubmapconsortium.github.io/ccf/pages/ccf-anatomical-structures.html. Accessed on Dec 1, 2021.</alternateIdentifier>
</alternateIdentifiers>
<formats>
	<format>.csv</format>
</formats>
<rightsList>
	<rights rightsURI="https://creativecommons.org/licenses/by/4.0/">Creative Commons Attribution 4.0 International (CC BY 4.0)</rights>
</rightsList>
<fundingReferences>
	<fundingReference>
		<funderName>National Institutes of Health</funderName>
		<awardNumber>OT2OD026671</awardNumber>
	</fundingReference>
</fundingReferences>
</resource>
