<?xml version="1.0" encoding="UTF-8"?>
<resource xmlns="http://datacite.org/schema/kernel-4" xmlns:xsi="http://www.w3.org/2001/XMLSchema-instance" xsi:schemaLocation="http://datacite.org/schema/kernel-4 http://schema.datacite.org/meta/kernel-4/metadata.xsd">
<identifier identifierType="DOI">https://doi.org/10.48539/HBM263.FWKR.367</identifier>
<titles>
	<title>Anatomical Structures; Cell Types and Biomarkers (ASCT+B) Tables to 3D Reference Object Library Mapping v1.1</title>
</titles>
<creators>
	<creator>
		<creatorName>Ellen M. Quardokus</creatorName>
		<givenName>Ellen M.</givenName>
		<familyName>Quardokus</familyName>
		<nameIdentifier nameIdentifierScheme="ORCID" schemeURI="https://orcid.org/0000-0001-7655-4833">0000-0001-7655-4833</nameIdentifier>
	</creator>
	<creator>
		<creatorName>Kristen Browne</creatorName>
		<givenName>Kristen</givenName>
		<familyName>Browne</familyName>
		<nameIdentifier nameIdentifierScheme="ORCID" schemeURI="https://orcid.org/0000-0003-4066-7531">0000-0003-4066-7531</nameIdentifier>
	</creator>
	<creator>
		<creatorName>Andreas Bueckle</creatorName>
		<givenName>Andreas</givenName>
		<familyName>Bueckle</familyName>
		<nameIdentifier nameIdentifierScheme="ORCID" schemeURI="https://orcid.org/0000-0002-8977-498X">0000-0002-8977-498X</nameIdentifier>
	</creator>
	<creator>
		<creatorName>Bruce W. Herr II</creatorName>
		<givenName>Bruce W.</givenName>
		<familyName>Herr II</familyName>
		<nameIdentifier nameIdentifierScheme="ORCID" schemeURI="https://orcid.org/0000-0002-6703-7647">0000-0002-6703-7647</nameIdentifier>
	</creator>
	<creator>
		<creatorName>Katy Börner</creatorName>
		<givenName>Katy </givenName>
		<familyName>Börner</familyName>
		<nameIdentifier nameIdentifierScheme="ORCID" schemeURI="https://orcid.org/0000-0002-3321-6137">0000-0002-3321-6137</nameIdentifier>
	</creator>
</creators>
<publisher>HuBMAP</publisher>
<publicationYear>2021</publicationYear>
<resourceType resourceTypeGeneral="Other">Table</resourceType>
<contributors>
	<contributor contributorType="ProjectManager">
		<contributorName>Katy Börner</contributorName>
		<givenName>Katy </givenName>
		<familyName>Börner</familyName>
		<nameIdentifier nameIdentifierScheme="ORCID" schemeURI="https://orcid.org/0000-0002-3321-6137">0000-0002-3321-6137</nameIdentifier>
	</contributor>
</contributors>
<dates>
	<date>2021-12-01</date>
</dates>
<descriptions>
	<description descriptionType="TechnicalInfo">This lookup table maps Anatomical Structures; Cell Types and Biomarkers (ASCT+B) Table terms to anatomical structure terms used in the 3D Reference Object Library.</description>
</descriptions>
<language>EN</language>
<alternateIdentifiers>
	<alternateIdentifier alternateIdentifierType="How to Cite This Data Table">Ellen M. Quardokus; Kristen Browne; Andreas Bueckle; Bruce W. Herr II; Katy Börner. (2021). Anatomical Structures; Cell Types and Biomarkers (ASCT+B) Tables to 3D Reference Object Library Mapping v1.1. https://doi.org/10.48539/HBM263.FWKR.367. Accessed on December 1, 2021</alternateIdentifier>
	<alternateIdentifier alternateIdentifierType="HuBMAP ID">HBM263.FWKR.367</alternateIdentifier>
</alternateIdentifiers>
<formats>
	<format>Table</format>
</formats>
<rightsList>
	<rights rightsURI="https://creativecommons.org/licenses/by/4.0/">Creative Commons Attribution 4.0 International (CC BY 4.0)</rights>
</rightsList>
<fundingReferences>
	<fundingReference>
		<funderName>National Institutes of Health</funderName>
		<awardNumber>OT2OD026671</awardNumber>
	</fundingReference>
</fundingReferences>
</resource>
