<?xml version="1.0" encoding="UTF-8"?>
<resource xmlns="http://datacite.org/schema/kernel-4" xmlns:xsi="http://www.w3.org/2001/XMLSchema-instance" xsi:schemaLocation="http://datacite.org/schema/kernel-4 http://schema.datacite.org/meta/kernel-4/metadata.xsd">
<identifier identifierType="DOI">https://doi.org/10.48539/HBM673.ZZDK.622</identifier>
<titles>
	<title>Anatomical Structures, Cell Types, plus Biomarkers (ASCT+B) table for Kidney v1.1</title>
</titles>
<creators>
	<creator>
		<creatorName>Sanjay Jain</creatorName>
		<givenName>Sanjay</givenName>
		<familyName>Jain</familyName>
		<nameIdentifier nameIdentifierScheme="ORCID" schemeURI="https://orcid.org/0000-0003-2804-127X">0000-0003-2804-127X</nameIdentifier>
	</creator>
	<creator>
		<creatorName>M. Todd Valerius</creatorName>
		<givenName>M. Todd</givenName>
		<familyName>Valerius</familyName>
		<nameIdentifier nameIdentifierScheme="ORCID" schemeURI="https://orcid.org/0000-0001-8143-9231">0000-0001-8143-9231</nameIdentifier>
	</creator>
	<creator>
		<creatorName>Yongqun He</creatorName>
		<givenName>Yongqun</givenName>
		<familyName>He</familyName>
		<nameIdentifier nameIdentifierScheme="ORCID" schemeURI="https://orcid.org/0000-0001-9189-9661">0000-0001-9189-9661</nameIdentifier>
	</creator>
</creators>
<publisher>HuBMAP</publisher>
<publicationYear>2021</publicationYear>
<resourceType resourceTypeGeneral="Dataset">ASCT+B Table</resourceType>
<subjects>
	<subject>Kidney v1.1 ASCT+B Table</subject>
</subjects>
<contributors>
	<contributor contributorType="ProjectLeader">
		<contributorName>Katy Börner</contributorName>
		<givenName>Katy </givenName>
		<familyName>Börner</familyName>
		<nameIdentifier nameIdentifierScheme="ORCID" schemeURI="https://orcid.org/0000-0002-3321-6137">0000-0002-3321-6137</nameIdentifier>
	</contributor>
	<contributor contributorType="Other">
		<contributorName>Blue Lake</contributorName>
		<givenName>Blue</givenName>
		<familyName>Lake</familyName>
		<nameIdentifier nameIdentifierScheme="ORCID" schemeURI="https://orcid.org/0000-0002-8637-9044">0000-0002-8637-9044</nameIdentifier>
	</contributor>
	<contributor contributorType="Other">
		<contributorName> Becky Steck</contributorName>
		<givenName>Becky</givenName>
		<familyName>Steck</familyName>
		<nameIdentifier nameIdentifierScheme="ORCID" schemeURI="https://orcid.org/0000-0001-7565-4904">0000-0001-7565-4904</nameIdentifier>
	</contributor>
	<contributor contributorType="Other">
		<contributorName>Rachel Dull</contributorName>
		<givenName>Rachel</givenName>
		<familyName>Dull</familyName>
		<nameIdentifier nameIdentifierScheme="ORCID" schemeURI="https://orcid.org/0000-0002-0864-7007">0000-0002-0864-7007</nameIdentifier>
	</contributor>
	<contributor contributorType="Other">
		<contributorName>Ellen M. Quardokus</contributorName>
		<givenName>Ellen M.</givenName>
		<familyName>Quardokus</familyName>
		<nameIdentifier nameIdentifierScheme="ORCID" schemeURI="https://orcid.org/0000-0001-7655-4833">0000-0001-7655-4833</nameIdentifier>
	</contributor>
</contributors>
<dates>
	<date dateType="Available">2021-12-01</date>
</dates>
<descriptions>
	<description>Anatomical Structures, Cell Types, plus Biomarkers (ASCT+B) tables aim to capture the nested part_of structure of anatomical human body parts, the typology of cells, and biomarkers used to identify cell types. The tables are authored and reviewed by an international team of experts. </description>
</descriptions>
<language>EN</language>
<alternateIdentifiers>
	<alternateIdentifier alternateIdentifierType="How to Cite This Data Table">Quardokus, Ellen, Bruce W. Herr II, Lisel Record, Katy Börner. 2021. HuBMAP ASCT+B Tables. https://hubmapconsortium.github.io/ccf/pages/ccf-anatomical-structures.html. Accessed on Dec 1, 2021.</alternateIdentifier>
	<alternateIdentifier alternateIdentifierType="HuBMAP ID">HBM736.PJQV.368</alternateIdentifier>
	<alternateIdentifier alternateIdentifierType="How to Cite This Data Overall">Quardokus, Ellen, Bruce W. Herr II, Lisel Record, Katy Börner. 2021. HuBMAP ASCT+B Tables. https://hubmapconsortium.github.io/ccf/pages/ccf-anatomical-structures.html. Accessed on Dec 1, 2021.</alternateIdentifier>
</alternateIdentifiers>
<formats>
	<format>.csv</format>
</formats>
<rightsList>
	<rights rightsURI="https://creativecommons.org/licenses/by/4.0/">Creative Commons Attribution 4.0 International (CC BY 4.0)</rights>
</rightsList>
<fundingReferences>
	<fundingReference>
		<funderName>National Institutes of Health</funderName>
		<awardNumber>OT2OD026671</awardNumber>
	</fundingReference>
</fundingReferences>
</resource>
