<?xml version="1.0" encoding="UTF-8"?>
<resource xmlns="http://datacite.org/schema/kernel-4" xmlns:xsi="http://www.w3.org/2001/XMLSchema-instance" xsi:schemaLocation="http://datacite.org/schema/kernel-4 http://schema.datacite.org/meta/kernel-4/metadata.xsd">
<identifier identifierType="DOI">https://doi.org/10.48539/HBM323.SGDF.945</identifier>
<titles>
	<title>Anatomical Structures, Cell Types, plus Biomarkers (ASCT+B) table for Lung v1.1</title>
</titles>
<creators>
	<creator>
		<creatorName>Gloria Pryhuber</creatorName>
		<givenName>Gloria</givenName>
		<familyName>Pryhuber</familyName>
		<nameIdentifier nameIdentifierScheme="ORCID" schemeURI="https://orcid.org/0000-0002-9185-3994">0000-0002-9185-3994</nameIdentifier>
	</creator>
	<creator>
		<creatorName>Xin Sun</creatorName>
		<givenName>Xin</givenName>
		<familyName>Sun</familyName>
		<nameIdentifier nameIdentifierScheme="ORCID" schemeURI="https://orcid.org/0000-0002-9185-3994">0000-0002-9185-3994</nameIdentifier>
	</creator>
</creators>
<publisher>HuBMAP</publisher>
<publicationYear>2021</publicationYear>
<resourceType resourceTypeGeneral="Dataset">ASCT+B Table</resourceType>
<subjects>
	<subject>Lung v1.1 ASCT+B Table</subject>
</subjects>
<contributors>
	<contributor contributorType="ProjectLeader">
		<contributorName>Katy Börner</contributorName>
		<givenName>Katy </givenName>
		<familyName>Börner</familyName>
		<nameIdentifier nameIdentifierScheme="ORCID" schemeURI="https://orcid.org/0000-0002-3321-6137">0000-0002-3321-6137</nameIdentifier>
	</contributor>
	<contributor contributorType="Other">
		<contributorName>Jeff Whitsett</contributorName>
		<givenName>Jeff </givenName>
		<familyName>Whitsett</familyName>
		<nameIdentifier nameIdentifierScheme="ORCID" schemeURI="https://orcid.org/0000-0003-1668-5174">0000-0003-1668-5174</nameIdentifier>
	</contributor>
	<contributor contributorType="Other">
		<contributorName> Ed Morrisey</contributorName>
		<givenName>Ed</givenName>
		<familyName>Morrisey</familyName>
		<nameIdentifier nameIdentifierScheme="ORCID" schemeURI="https://orcid.org/0000-0001-5785-1939">0000-0001-5785-1939</nameIdentifier>
	</contributor>
	<contributor contributorType="Other">
		<contributorName> Martijn Nawijn</contributorName>
		<givenName>Martijn</givenName>
		<familyName>Nawijn</familyName>
		<nameIdentifier nameIdentifierScheme="ORCID" schemeURI="https://orcid.org/0000-0003-3372-6521">0000-0003-3372-6521</nameIdentifier>
	</contributor>
	<contributor contributorType="Other">
		<contributorName>Purushotha Tata</contributorName>
		<givenName>Purushotha</givenName>
		<familyName>Tata</familyName>
		<nameIdentifier nameIdentifierScheme="ORCID" schemeURI="https://orcid.org/0000-0003-4837-0337">0000-0003-4837-0337</nameIdentifier>
	</contributor>
	<contributor contributorType="Other">
		<contributorName>Ansley Conchola</contributorName>
		<givenName>Ansley</givenName>
		<familyName>Conchola</familyName>
		<nameIdentifier nameIdentifierScheme="ORCID" schemeURI="https://orcid.org/0000-0002-2385-6712">0000-0002-2385-6712</nameIdentifier>
	</contributor>
	<contributor contributorType="Other">
		<contributorName>Kristin Ardlie</contributorName>
		<givenName>Kristin</givenName>
		<familyName>Ardlie</familyName>
		<nameIdentifier nameIdentifierScheme="ORCID" schemeURI="https://orcid.org/0000-0003-4272-6283">0000-0003-4272-6283</nameIdentifier>
	</contributor>
	<contributor contributorType="Other">
		<contributorName>Ellen M. Quardokus</contributorName>
		<givenName>Ellen M.</givenName>
		<familyName>Quardokus</familyName>
		<nameIdentifier nameIdentifierScheme="ORCID" schemeURI="https://orcid.org/0000-0001-7655-4833">0000-0001-7655-4833</nameIdentifier>
	</contributor>
</contributors>
<dates>
	<date dateType="Available">2021-12-01</date>
</dates>
<descriptions>
	<description>Anatomical Structures, Cell Types, plus Biomarkers (ASCT+B) tables aim to capture the nested part_of structure of anatomical human body parts, the typology of cells, and biomarkers used to identify cell types. The tables are authored and reviewed by an international team of experts. </description>
</descriptions>
<language>EN</language>
<alternateIdentifiers>
	<alternateIdentifier alternateIdentifierType="How to Cite This Data Table">Quardokus, Ellen, Bruce W. Herr II, Lisel Record, Katy Börner. 2021. HuBMAP ASCT+B Tables. https://hubmapconsortium.github.io/ccf/pages/ccf-anatomical-structures.html. Accessed on Dec 1, 2021.</alternateIdentifier>
	<alternateIdentifier alternateIdentifierType="HuBMAP ID">HBM323.SGDF.945</alternateIdentifier>
	<alternateIdentifier alternateIdentifierType="How to Cite This Data Overall">Quardokus, Ellen, Bruce W. Herr II, Lisel Record, Katy Börner. 2021. HuBMAP ASCT+B Tables. https://hubmapconsortium.github.io/ccf/pages/ccf-anatomical-structures.html. Accessed on Dec 1, 2021.</alternateIdentifier>
</alternateIdentifiers>
<formats>
	<format>.csv</format>
</formats>
<rightsList>
	<rights rightsURI="https://creativecommons.org/licenses/by/4.0/">Creative Commons Attribution 4.0 International (CC BY 4.0)</rights>
</rightsList>
<fundingReferences>
	<fundingReference>
		<funderName>National Institutes of Health</funderName>
		<awardNumber>OT2OD026671</awardNumber>
	</fundingReference>
</fundingReferences>
</resource>
