<?xml version="1.0" encoding="UTF-8"?>
<resource xmlns="http://datacite.org/schema/kernel-4" xmlns:xsi="http://www.w3.org/2001/XMLSchema-instance" xsi:schemaLocation="http://datacite.org/schema/kernel-4 http://schema.datacite.org/meta/kernel-4/metadata.xsd">
<identifier identifierType="DOI">https://doi.org/10.48539/HBM445.CZKW.526</identifier>
<titles>
	<title>Organ Mapping Antibody Panel (OMAP)  for Multiplexed Antibody-Based Imaging of Human Lymph Node with IBEX v1.0</title>
</titles>
<creators>
	<creator>
		<creatorName>Andrea J. Radtke</creatorName>
		<givenName>Andrea J. </givenName>
		<familyName>Radtke</familyName>
		<nameIdentifier nameIdentifierScheme="ORCID" schemeURI="https://orcid.org/0000-0003-4379-8967">0000-0003-4379-8967</nameIdentifier>
	</creator>
</creators>
<publisher>HuBMAP</publisher>
<publicationYear>2021</publicationYear>
<resourceType resourceTypeGeneral="Dataset">Organ Mapping Antibody Panel (OMAP)</resourceType>
<subjects>
	<subject>OMAP Lymph Node IBEX table v1.0</subject>
</subjects>
<contributors>
	<contributor contributorType="ProjectLeader">
		<contributorName>Andrea J. Radtke</contributorName>
		<givenName>Andrea J. </givenName>
		<familyName>Radtke</familyName>
		<nameIdentifier nameIdentifierScheme="ORCID" schemeURI="https://orcid.org/0000-0003-4379-8967">0000-0003-4379-8967</nameIdentifier>
	</contributor>
	<contributor contributorType="ProjectLeader">
		<contributorName>Katy Börner</contributorName>
		<givenName>Katy </givenName>
		<familyName>Börner</familyName>
		<nameIdentifier nameIdentifierScheme="ORCID" schemeURI="https://orcid.org/0000-0002-3321-6137">0000-0002-3321-6137</nameIdentifier>
	</contributor>
	<contributor contributorType="ProjectLeader">
		<contributorName>Neil Kelleher</contributorName>
		<givenName>Neil</givenName>
		<familyName>Kelleher</familyName>
		<nameIdentifier nameIdentifierScheme="ORCID" schemeURI="https://orcid.org/0000-0002-8815-3372">0000-0002-8815-3372</nameIdentifier>
	</contributor>
	<contributor contributorType="ProjectLeader">
		<contributorName>Ronald N. Germain</contributorName>
		<givenName>Ronald N.</givenName>
		<familyName>Germain</familyName>
		<nameIdentifier nameIdentifierScheme="ORCID" schemeURI="https://orcid.org/0000-0003-1495-9143">0000-0003-1495-9143</nameIdentifier>
	</contributor>
	<contributor contributorType="Other">
		<contributorName>Elaine Jaffe</contributorName>
		<givenName>Elaine</givenName>
		<familyName>Jaffe</familyName>
		<nameIdentifier nameIdentifierScheme="ORCID" schemeURI="https://orcid.org/0000-0003-4632-0301">0000-0003-4632-0301</nameIdentifier>
	</contributor>
	<contributor contributorType="Other">
		<contributorName>Stefania Pittaluga</contributorName>
		<givenName>Stefania</givenName>
		<familyName>Pittaluga</familyName>
		<nameIdentifier nameIdentifierScheme="ORCID" schemeURI="https://orcid.org/0000-0001-7688-1439">0000-0001-7688-1439</nameIdentifier>
	</contributor>
	<contributor contributorType="Other">
		<contributorName> Robert Seifert</contributorName>
		<givenName> Robert</givenName>
		<familyName>Seifert</familyName>
		<nameIdentifier nameIdentifierScheme="ORCID" schemeURI="https://orcid.org/0000-0002-4404-8116">0000-0002-4404-8116</nameIdentifier>
	</contributor>
	<contributor contributorType="Other">
		<contributorName>Ronald N. Germain</contributorName>
		<givenName>Ronald N.</givenName>
		<familyName>Germain</familyName>
		<nameIdentifier nameIdentifierScheme="ORCID" schemeURI="https://orcid.org/0000-0003-1495-9143">0000-0003-1495-9143</nameIdentifier>
	</contributor>
	<contributor contributorType="Other">
		<contributorName>Ellen M. Quardokus</contributorName>
		<givenName>Ellen M. </givenName>
		<familyName>Quardokus</familyName>
		<nameIdentifier nameIdentifierScheme="ORCID" schemeURI="https://orcid.org/0000-0001-7655-4833">0000-0001-7655-4833</nameIdentifier>
	</contributor>
</contributors>
<dates>
	<date dateType="Available">2021-12-01</date>
</dates>
<descriptions>
	<description>The OMAP Lymph Node panel was designed for IBEX (Iterative Bleaching Extends multi-pleXity) imaging of fixed frozen human lymph nodes. The panel contains 39 antibodies and the nuclear marker Hoechst 33342 for image alignment and nuclear segmentation. This OMAP provides a spatial context for all anatomical structures and most cell types present in the ASCT+B lymph node table. Additionally, the inclusion of protein biomarkers BCL2 and CD10 and CD138 and CD44 allow profiling of lymph node disease states, e.g.  follicular lymphoma malignancy and metastasis, respectively. The core and essential protein biomarkers detailed here overlap (~50-85%) with panels developed for multiplexed imaging of lymphoid samples using other technologies  and sample preparations [Kennedy-Darling et al](https://doi.org/10.7554/eLife.31657.001), [Lin et al](https://doi.org/10.1002/eji.202048891). This OMAP does not contain antibodies for typing pericytes, plasmacytoid dendritic cells, or different T helper lineages in situ. </description>
</descriptions>
<alternateIdentifiers>
	<alternateIdentifier alternateIdentifierType="HuBMAP ID">HBM445.CZKW.526</alternateIdentifier>
</alternateIdentifiers>
<rightsList>
	<rights rightsURI="https://creativecommons.org/licenses/by/4.0/">Creative Commons Attribution 4.0 International (CC BY 4.0)</rights>
</rightsList>
<fundingReferences>
	<fundingReference>
		<funderName>National Institutes of Health</funderName>
		<awardNumber>OT2OD026671</awardNumber>
	</fundingReference>
</fundingReferences>
</resource>
